{"Points": {"Calc_power": {"0": 119912.52011793255, "1": 157215.43555447247, "2": 120508.72110731062, "3": 113778.3061671551, "4": 89579.88958398844, "5": 145175.40441357798, "6": 203192.5970996361, "7": 213968.05081650274, "8": 553644.3815145242, "9": 429252.9541658086, "10": 488249.8310813174, "11": 270657.7999042323, "12": 459402.1271339589, "13": 469091.2044725688, "14": 283383.0355652558, "15": 488311.6530991389, "16": 568555.0232661497, "17": 221254.3594841471, "18": 164064.79061367412, "19": 137302.04640404778, "20": 52069.948025896265, "21": 100196.49680880799, "22": 162960.08951020552, "23": 82557.44294858501, "24": 113523.52556610294, "25": 95178.84852787876, "26": 84546.65847556922, "27": 127032.82062216826, "28": 58130.528905658924, "29": 85572.00813659414, "30": 135833.98858845333, "31": 158889.28508235715, "32": 430070.8722084278, "33": 409563.82324883295, "34": 386485.981747914, "35": 290803.3378518155, "36": 519317.4176605, "37": 535020.0911038367, "38": 326313.35095466056, "39": 558781.9903663972, "40": 606371.6250516977, "41": 224811.515097342, "42": 188627.74948516025, "43": 166965.92484716233, "44": 74169.92010535515, "45": 82658.40363434117, "46": 143971.26149881596, "47": 82478.41492420009, "48": 144134.75523464402, "49": 80782.57869069252, "50": 80777.51908482017, "51": 140446.07440393153, "52": 47394.335125869875, "53": 86192.27276236135, "54": 219477.84812896608, "55": 254316.91078698964, "56": 571631.4621729926, "57": 518307.90438483766, "58": 530141.7826465549, "59": 267196.9512480842, "60": 531148.4017347124, "61": 687807.1072266997, "62": 351963.082938822, "63": 568516.8408598471, "64": 553052.3842506303, "65": 239634.16469685067, "66": 171763.19692041565, "67": 186714.16263546373, "68": 79771.1201177422, "69": 64950.858272256984, "70": 150438.58428326706, "71": 77277.93535266558}, "Wind_speed": {"0": 3.3635279670583653, "1": 3.6813343292081537, "2": 3.3690932028863823, "3": 3.3051665920885607, "4": 3.051947373749505, "5": 3.5848518670741663, "6": 4.009985726462314, "7": 4.079652542157373, "8": 5.600805597074907, "9": 5.145307056052452, "10": 5.370988636863145, "11": 4.412117286995596, "12": 5.263054495854178, "13": 5.299797748310697, "14": 4.480207709305241, "15": 5.371215318178453, "16": 5.650640787418749, "17": 4.125445098108448, "18": 3.7340373914681257, "19": 3.518837430996092, "20": 2.547040873785, "21": 3.1680428382285135, "22": 3.7256376848486537, "23": 2.9700170605281304, "24": 3.3026976924057507, "25": 3.1142514963617143, "26": 2.9936821112862577, "27": 3.428826525288517, "28": 2.6422563957097904, "29": 3.0057355938106123, "30": 3.5062511209875082, "31": 3.6943531092740622, "32": 5.148573016350317, "33": 5.065403690865264, "34": 4.968417869060248, "35": 4.518975589197514, "36": 5.482573921127755, "37": 5.537285251750313, "38": 4.695896115322085, "39": 5.618076730661952, "40": 5.773242807038686, "41": 4.1474362302414916, "42": 3.911788756348879, "43": 3.755918403993188, "44": 2.8658237009316823, "45": 2.971227259548732, "46": 3.5749129382876315, "47": 2.969069076088129, "48": 3.5762656498435623, "49": 2.9485790156258833, "50": 2.948517455491596, "51": 3.5454938352986667, "52": 2.4684007973649296, "53": 3.01298042772988, "54": 4.114373974220037, "55": 4.321474415325434, "56": 5.660814291492434, "57": 5.479019048768746, "58": 5.520404200911335, "59": 4.393230929461781, "60": 5.523895990594978, "61": 6.020913936055711, "62": 4.815845778254389, "63": 5.650514291369653, "64": 5.598808620805564, "65": 4.236655113385404, "66": 3.79155102214615, "67": 3.898515692947408, "68": 2.936221153177197, "69": 2.741796163638354, "70": 3.6276603000542766, "71": 2.905307040077635}}}